<?xml version="1.0" encoding="utf-8"?>
<profiles xmlns="http://www.logitech.com/Cassandra/2010.7/Profile">
  <profile gameid="" gpasupported="0" guid="{8584E22C-63D6-4BFA-B0B8-BB3B3348292B}" gkeysdk="0" launchable="1" lock="0" lastplayeddate="2023-05-16T20:34:14" name="new_browser_profile">
    <description>ggg</description>
    <target path="C:\USERS\DAUD\APPDATA\LOCAL\MICROSOFT\EDGE SXS\APPLICATION\MSEDGE.EXE"/>
    <signature key="" value="" executable="" name=""/>
    <macros>
      <macro guid="{BF879D46-0789-4CFF-89A5-31E8D6A8460C}" color="4278246655" name="Left Click" hidden="true" original="true">
        <mousefunction xmlns="http://www.logitech.com/Cassandra/2010.1/Macros/MouseFunction">
          <do task="leftclick"/>
        </mousefunction>
      </macro>
      <macro guid="{EC77A106-35DF-4F63-8C45-CC2BA4CC823B}" color="4278246655" name="Right Click" hidden="true" original="true">
        <mousefunction xmlns="http://www.logitech.com/Cassandra/2010.1/Macros/MouseFunction">
          <do task="rightclick"/>
        </mousefunction>
      </macro>
      <macro guid="{AE18BDA7-D692-479F-8AD6-E6128A141F4E}" color="4278246655" name="Right Click" hidden="false" original="true">
        <mousefunction xmlns="http://www.logitech.com/Cassandra/2010.1/Macros/MouseFunction">
          <do task="rightclick"/>
        </mousefunction>
      </macro>
      <macro guid="{6D041D1B-A70C-46C5-A84F-069F67AEEECE}" color="4278246655" name="Middle Click" hidden="true" original="true">
        <mousefunction xmlns="http://www.logitech.com/Cassandra/2010.1/Macros/MouseFunction">
          <do task="middleclick"/>
        </mousefunction>
      </macro>
      <macro guid="{8CB58DDF-D5CA-497B-856F-FDBEF9E31268}" color="4278246655" name="Back" hidden="true" original="true">
        <mousefunction xmlns="http://www.logitech.com/Cassandra/2010.1/Macros/MouseFunction">
          <do task="back"/>
        </mousefunction>
      </macro>
      <macro guid="{4D3556AD-F7CF-4691-BDE9-AE730C996AA1}" color="4278246655" name="Forward" hidden="true" original="true">
        <mousefunction xmlns="http://www.logitech.com/Cassandra/2010.1/Macros/MouseFunction">
          <do task="forward"/>
        </mousefunction>
      </macro>
      <macro guid="{C2DF79FF-72D0-42B8-A675-31DF1BAAB01F}" color="4278246655" name="LCTRL" hidden="true" original="true">
        <keystroke xmlns="http://www.logitech.com/Cassandra/2010.1/Macros/Keystroke">
          <key value="LCTRL"/>
        </keystroke>
      </macro>
      <macro guid="{BCF2081D-8407-4074-AF6A-FF6248E666C8}" devicecategory="Logitech.Gaming.Mouse" color="4278246655" name="DPI Down" hidden="true" original="true">
        <mousefunction xmlns="http://www.logitech.com/Cassandra/2010.1/Macros/MouseFunction">
          <do task="dpidown"/>
        </mousefunction>
      </macro>
      <macro guid="{92FC300A-2538-4B13-AB7D-B1C0B3F02DF8}" color="4278246655" name="Copy" hidden="true" original="true">
        <hotkeys xmlns="http://www.logitech.com/Cassandra/2010.1/Macros/Hotkeys">
          <do task="copy"/>
        </hotkeys>
      </macro>
      <macro guid="{B34A1E72-6F0D-44EF-86C8-2D69750A3B9D}" color="4278246655" name="LALT" hidden="true" original="true">
        <keystroke xmlns="http://www.logitech.com/Cassandra/2010.1/Macros/Keystroke">
          <key value="LALT"/>
        </keystroke>
      </macro>
      <macro guid="{E9B6B61E-B3FE-444D-BB84-144D1494FEEB}" devicecategory="Logitech.Gaming.Mouse" color="4278246655" name="DPI Up" hidden="true" original="true">
        <mousefunction xmlns="http://www.logitech.com/Cassandra/2010.1/Macros/MouseFunction">
          <do task="dpiup"/>
        </mousefunction>
      </macro>
      <macro guid="{54CD61DB-9A4A-4E31-896F-0E247B11F911}" color="4278246655" name="Paste" hidden="true" original="true">
        <hotkeys xmlns="http://www.logitech.com/Cassandra/2010.1/Macros/Hotkeys">
          <do task="paste"/>
        </hotkeys>
      </macro>
      <macro guid="{B413D5DD-7ADC-48B8-802B-F6A4E4F64881}" devicecategory="Logitech.Gaming.Mouse.G300" color="4278246655" name="Mode Switch (G300/s)" hidden="true" original="true">
        <mousefunction xmlns="http://www.logitech.com/Cassandra/2010.1/Macros/MouseFunction">
          <do task="modeswitch"/>
        </mousefunction>
      </macro>
      <macro guid="{CB971AA2-6B3A-44AD-B5CF-54C939755A1D}" devicecategory="Logitech.Gaming.Mouse.G300" color="4278246655" name="Mode Switch (G300/s)" hidden="false" original="true">
        <mousefunction xmlns="http://www.logitech.com/Cassandra/2010.1/Macros/MouseFunction">
          <do task="modeswitch"/>
        </mousefunction>
      </macro>
      <macro guid="{874E6EC8-2E54-4CFF-A8D8-60B1B5B0E4D4}" devicecategory="Logitech.Gaming.Mouse" color="4278246655" name="DPI Cycling" hidden="true" original="true">
        <mousefunction xmlns="http://www.logitech.com/Cassandra/2010.1/Macros/MouseFunction">
          <do task="dpicycling"/>
        </mousefunction>
      </macro>
      <macro guid="{DCEC3A51-6629-4584-AEEC-7552A1A64375}" devicecategory="Logitech.Gaming.Mouse" color="4278246655" name="DPI Shift" hidden="true" original="true">
        <mousefunction xmlns="http://www.logitech.com/Cassandra/2010.1/Macros/MouseFunction">
          <do task="dpishift"/>
        </mousefunction>
      </macro>
      <macro guid="{E5365D57-222D-49BC-BB49-EA08A5116000}" color="4278246655" name="Cut" hidden="true" original="true">
        <hotkeys xmlns="http://www.logitech.com/Cassandra/2010.1/Macros/Hotkeys">
          <do task="cut"/>
        </hotkeys>
      </macro>
      <macro guid="{0DD6FE2F-5327-468B-97F6-B0628398CAA7}" color="4278246655" name="New Tab" hidden="false" original="true">
        <keystroke xmlns="http://www.logitech.com/Cassandra/2010.1/Macros/Keystroke">
          <key value="T"/>
          <modifier value="LCTRL"/>
        </keystroke>
      </macro>
      <macro guid="{104AE5DF-B68A-4D9B-8892-3068729E9D48}" color="4278246655" name="Full Scr." hidden="false" original="true">
        <keystroke xmlns="http://www.logitech.com/Cassandra/2010.1/Macros/Keystroke">
          <key value="F11"/>
        </keystroke>
      </macro>
      <macro guid="{E6C1554B-7040-491E-BA77-B0E783B77F15}" color="4278246655" name="Volume Down" hidden="false" original="true">
        <media xmlns="http://www.logitech.com/Cassandra/2010.1/Macros/Media">
          <do task="volumedown"/>
        </media>
      </macro>
      <macro guid="{BBDD0687-C24D-4CC9-AEEA-D66C93781878}" color="4278246655" name="Mute" hidden="false" original="true">
        <media xmlns="http://www.logitech.com/Cassandra/2010.1/Macros/Media">
          <do task="mute"/>
        </media>
      </macro>
      <macro guid="{2270FB11-16FE-4CCB-BB57-C1B4926C361F}" color="4278246655" name="Next. Tab" hidden="false" original="true">
        <multikey xmlns="http://www.logitech.com/Cassandra/2010.1/Macros/MultiKey">
          <key direction="down" value="LCTRL"/>
          <key direction="down" value="PAGEDOWN"/>
          <key direction="up" value="PAGEDOWN"/>
          <key direction="up" value="LCTRL"/>
        </multikey>
      </macro>
      <macro guid="{3B32C220-FFC7-47C5-B19A-7F008ACDCE84}" color="4278246655" name="Prev. Tab" hidden="false" original="true">
        <multikey xmlns="http://www.logitech.com/Cassandra/2010.1/Macros/MultiKey">
          <key direction="down" value="LCTRL"/>
          <key direction="down" value="PAGEUP"/>
          <key direction="up" value="PAGEUP"/>
          <key direction="up" value="LCTRL"/>
        </multikey>
      </macro>
      <macro guid="{0CBB3F3A-0A77-4BC6-964E-0987D32A2A50}" color="4278246655" name="Copy" hidden="false" original="true">
        <hotkeys xmlns="http://www.logitech.com/Cassandra/2010.1/Macros/Hotkeys">
          <do task="copy"/>
        </hotkeys>
      </macro>
      <macro guid="{7617EA5A-184D-4CCF-9BC3-F537A706F829}" color="4278246655" name="Paste" hidden="false" original="true">
        <hotkeys xmlns="http://www.logitech.com/Cassandra/2010.1/Macros/Hotkeys">
          <do task="paste"/>
        </hotkeys>
      </macro>
      <macro guid="{743E50E8-7474-4B2B-B7F3-65756E1F9107}" backupguid="{16255AE8-6D60-4809-BD67-B2F8BFEB6C39}" color="4278246655" name="Volume Up" hidden="false">
        <media xmlns="http://www.logitech.com/Cassandra/2010.1/Macros/Media">
          <do task="volumeup"/>
        </media>
      </macro>
      <macro guid="{4A080E41-8F92-4C0D-B71A-C34EA7A1A367}" color="4278246655" name="Next tab in browser" hidden="false">
        <hotkeys xmlns="http://www.logitech.com/Cassandra/2010.1/Macros/Hotkeys">
          <do task="nexttabinbrowser"/>
        </hotkeys>
      </macro>
      <macro guid="{79C581E4-3A90-4C5D-AEF9-0C770A7B66FD}" color="4278246655" name="Win. Tab Switch" hidden="false" original="true">
        <keystroke xmlns="http://www.logitech.com/Cassandra/2010.1/Macros/Keystroke">
          <key value="TAB"/>
          <modifier value="LGUI"/>
        </keystroke>
      </macro>
      <macro guid="{E6C01215-3CAC-4D13-BCA6-9AB3FB42CA41}" color="4278246655" name="new tab" hidden="false">
        <multikey xmlns="http://www.logitech.com/Cassandra/2010.1/Macros/MultiKey">
          <key direction="down" value="LCTRL"/>
          <key direction="down" value="T"/>
          <key direction="up" value="T"/>
          <key direction="up" value="LCTRL"/>
        </multikey>
      </macro>
      <macro guid="{87B09BA5-31DD-4A25-94B5-9F4D346071D1}" repeatmode="pressed" repeatdelay="25" color="4278246655" name="swootch" hidden="false">
        <multikey xmlns="http://www.logitech.com/Cassandra/2010.1/Macros/MultiKey">
          <key direction="down" value="LALT"/>
          <key direction="down" value="TAB"/>
          <key direction="up" value="LALT"/>
          <key direction="up" value="TAB"/>
        </multikey>
      </macro>
      <macro guid="{D85C3028-FABF-4F9D-83DA-B54226A35972}" color="4278246655" name="Close tab" hidden="false">
        <multikey xmlns="http://www.logitech.com/Cassandra/2010.1/Macros/MultiKey">
          <key direction="down" value="LCTRL"/>
          <key direction="down" value="W"/>
          <key direction="up" value="W"/>
          <key direction="up" value="LCTRL"/>
        </multikey>
      </macro>
      <macro guid="{D95690E0-01C4-4D08-BEA6-A3E60107B855}" color="4278246655" name="Developer Tools" hidden="false">
        <multikey xmlns="http://www.logitech.com/Cassandra/2010.1/Macros/MultiKey">
          <key direction="down" value="F12"/>
          <key direction="up" value="F12"/>
        </multikey>
      </macro>
      <macro guid="{902B0C6E-4CA8-49C0-A3F1-5C5F19539D89}" color="4278246655" name="Back" hidden="false">
        <mousefunction xmlns="http://www.logitech.com/Cassandra/2010.1/Macros/MouseFunction">
          <do task="back"/>
        </mousefunction>
      </macro>
      <macro guid="{0574CCE2-1FB9-4EBD-A9AF-4051DA5189F7}" color="4278246655" name="Reopen Closed Tab" hidden="false">
        <multikey xmlns="http://www.logitech.com/Cassandra/2010.1/Macros/MultiKey">
          <key direction="down" value="LCTRL"/>
          <key direction="down" value="LSHIFT"/>
          <key direction="down" value="T"/>
          <key direction="up" value="T"/>
          <key direction="up" value="LCTRL"/>
          <key direction="up" value="LSHIFT"/>
        </multikey>
      </macro>
      <macro guid="{A6ECF09F-18FD-4728-97E5-2A943621A3FD}" color="4278246655" name="Scroll Down" hidden="false">
        <mousefunction xmlns="http://www.logitech.com/Cassandra/2010.1/Macros/MouseFunction">
          <do task="scrolldown"/>
        </mousefunction>
      </macro>
      <macro guid="{0D940325-4EA3-499A-9C2A-9CDD1FA402EC}" color="4278246655" name="Next Track" hidden="false">
        <media xmlns="http://www.logitech.com/Cassandra/2010.1/Macros/Media">
          <do task="nexttrack"/>
        </media>
      </macro>
      <macro guid="{DAF447C1-CD83-4008-AF9F-DFAFD85C04FE}" color="4278246655" name="Zoom out" hidden="false">
        <multikey xmlns="http://www.logitech.com/Cassandra/2010.1/Macros/MultiKey">
          <key direction="down" value="RCTRL"/>
          <key direction="down" value="MINUS"/>
          <key direction="up" value="MINUS"/>
          <key direction="up" value="RCTRL"/>
        </multikey>
      </macro>
      <macro guid="{757DD202-3274-4F10-A32D-79E1C5F589C3}" color="4278246655" name="Zoom in" hidden="false">
        <multikey xmlns="http://www.logitech.com/Cassandra/2010.1/Macros/MultiKey">
          <key direction="down" value="RCTRL"/>
          <key direction="down" value="EQUAL"/>
          <key direction="up" value="EQUAL"/>
          <key direction="up" value="RCTRL"/>
        </multikey>
      </macro>
      <macro guid="{16255AE8-6D60-4809-BD67-B2F8BFEB6C39}" color="4278246655" name="Volume Up" hidden="false">
        <media xmlns="http://www.logitech.com/Cassandra/2010.1/Macros/Media">
          <do task="volumeup"/>
        </media>
      </macro>
      <macro guid="{6ED1962A-984D-442E-B3C0-7FD8C67A2A41}" color="4278246655" name="Play/Pause" hidden="false">
        <media xmlns="http://www.logitech.com/Cassandra/2010.1/Macros/Media">
          <do task="playpause"/>
        </media>
      </macro>
      <macro guid="{D7FEA49F-18BD-4CBC-AB01-2B917F8C9D30}" color="4278246655" name="Right" hidden="false">
        <keystroke xmlns="http://www.logitech.com/Cassandra/2010.1/Macros/Keystroke">
          <key value="RIGHT"/>
        </keystroke>
      </macro>
      <macro guid="{10D4B149-3D66-471F-B1BD-9A1203AF0D6C}" color="4278246655" name="Ctrl + S" hidden="false">
        <keystroke xmlns="http://www.logitech.com/Cassandra/2010.1/Macros/Keystroke">
          <key value="S"/>
          <modifier value="LCTRL"/>
        </keystroke>
      </macro>
      <macro guid="{AE6D228F-B0E8-47E3-97E2-8CC4212A4C0C}" color="4278246655" name="Prnt Scrn" hidden="false">
        <keystroke xmlns="http://www.logitech.com/Cassandra/2010.1/Macros/Keystroke">
          <key value="PRINTSCREEN"/>
        </keystroke>
      </macro>
      <macro guid="{E65DA379-AF6F-491B-9455-9605AC8EE851}" color="4278246655" name="Left Click" hidden="false">
        <mousefunction xmlns="http://www.logitech.com/Cassandra/2010.1/Macros/MouseFunction">
          <do task="leftclick"/>
        </mousefunction>
      </macro>
      <macro guid="{2FB80702-F94C-4688-9CE8-90095593C094}" color="4278246655" name="Web Capture" hidden="false">
        <keystroke xmlns="http://www.logitech.com/Cassandra/2010.1/Macros/Keystroke">
          <key value="X"/>
          <modifier value="LSHIFT"/>
          <modifier value="LCTRL"/>
        </keystroke>
      </macro>
    </macros>
    <assignments devicecategory="Logitech.Gaming.Mouse.G300">
      <assignment backup="false" contextid="Button1" shiftstate="1" macroguid="{E65DA379-AF6F-491B-9455-9605AC8EE851}" original="false"/>
      <assignment backup="false" contextid="Button1" shiftstate="2" macroguid="{E65DA379-AF6F-491B-9455-9605AC8EE851}" original="false"/>
      <assignment backup="false" contextid="Button1" shiftstate="3" macroguid="{E65DA379-AF6F-491B-9455-9605AC8EE851}" original="false"/>
      <assignment backup="false" contextid="Button1" shiftstate="4" macroguid="{E65DA379-AF6F-491B-9455-9605AC8EE851}" original="false"/>
      <assignment backup="false" contextid="Button1" shiftstate="5" macroguid="{E65DA379-AF6F-491B-9455-9605AC8EE851}" original="false"/>
      <assignment backup="false" contextid="Button1" shiftstate="6" macroguid="{E65DA379-AF6F-491B-9455-9605AC8EE851}" original="false"/>
      <assignment backup="false" contextid="Button2" shiftstate="1" macroguid="{AE18BDA7-D692-479F-8AD6-E6128A141F4E}" original="true"/>
      <assignment backup="false" contextid="Button2" shiftstate="2" macroguid="{AE18BDA7-D692-479F-8AD6-E6128A141F4E}" original="true"/>
      <assignment backup="false" contextid="Button2" shiftstate="3" macroguid="{AE18BDA7-D692-479F-8AD6-E6128A141F4E}" original="true"/>
      <assignment backup="false" contextid="Button2" shiftstate="4" macroguid="{AE18BDA7-D692-479F-8AD6-E6128A141F4E}" original="true"/>
      <assignment backup="false" contextid="Button2" shiftstate="5" macroguid="{AE18BDA7-D692-479F-8AD6-E6128A141F4E}" original="true"/>
      <assignment backup="false" contextid="Button2" shiftstate="6" macroguid="{AE18BDA7-D692-479F-8AD6-E6128A141F4E}" original="true"/>
      <assignment backup="true" contextid="Button3" shiftstate="2" macroguid="{7617EA5A-184D-4CCF-9BC3-F537A706F829}" original="false"/>
      <assignment backup="true" contextid="Button3" shiftstate="3" macroguid="{7617EA5A-184D-4CCF-9BC3-F537A706F829}" original="false"/>
      <assignment backup="false" contextid="Button3" shiftstate="4" macroguid="{7617EA5A-184D-4CCF-9BC3-F537A706F829}" original="true"/>
      <assignment backup="false" contextid="Button3" shiftstate="5" macroguid="{7617EA5A-184D-4CCF-9BC3-F537A706F829}" original="true"/>
      <assignment backup="false" contextid="Button3" shiftstate="6" macroguid="{7617EA5A-184D-4CCF-9BC3-F537A706F829}" original="true"/>
      <assignment backup="true" contextid="Button5" shiftstate="1" macroguid="{0DD6FE2F-5327-468B-97F6-B0628398CAA7}" original="false"/>
      <assignment backup="true" contextid="Button5" shiftstate="2" macroguid="{0DD6FE2F-5327-468B-97F6-B0628398CAA7}" original="false"/>
      <assignment backup="false" contextid="Button5" shiftstate="4" macroguid="{0DD6FE2F-5327-468B-97F6-B0628398CAA7}" original="true"/>
      <assignment backup="false" contextid="Button5" shiftstate="5" macroguid="{0DD6FE2F-5327-468B-97F6-B0628398CAA7}" original="true"/>
      <assignment backup="false" contextid="Button5" shiftstate="6" macroguid="{0DD6FE2F-5327-468B-97F6-B0628398CAA7}" original="true"/>
      <assignment backup="false" contextid="Button6" shiftstate="2" macroguid="{E6C1554B-7040-491E-BA77-B0E783B77F15}" original="true"/>
      <assignment backup="true" contextid="Button6" shiftstate="3" macroguid="{3B32C220-FFC7-47C5-B19A-7F008ACDCE84}" original="false"/>
      <assignment backup="false" contextid="Button7" shiftstate="2" macroguid="{16255AE8-6D60-4809-BD67-B2F8BFEB6C39}" original="false"/>
      <assignment backup="false" contextid="Button8" shiftstate="1" macroguid="{CB971AA2-6B3A-44AD-B5CF-54C939755A1D}" original="true"/>
      <assignment backup="false" contextid="Button8" shiftstate="2" macroguid="{CB971AA2-6B3A-44AD-B5CF-54C939755A1D}" original="true"/>
      <assignment backup="false" contextid="Button8" shiftstate="3" macroguid="{CB971AA2-6B3A-44AD-B5CF-54C939755A1D}" original="true"/>
      <assignment backup="true" contextid="Button9" shiftstate="1" macroguid="{0CBB3F3A-0A77-4BC6-964E-0987D32A2A50}" original="false"/>
      <assignment backup="true" contextid="Button9" shiftstate="2" macroguid="{BBDD0687-C24D-4CC9-AEEA-D66C93781878}" original="false"/>
      <assignment backup="true" contextid="Button9" shiftstate="3" macroguid="{104AE5DF-B68A-4D9B-8892-3068729E9D48}" original="false"/>
      <assignment backup="false" contextid="Button7" shiftstate="1" macroguid="{2270FB11-16FE-4CCB-BB57-C1B4926C361F}" original="true"/>
      <assignment backup="false" contextid="Button6" shiftstate="1" macroguid="{3B32C220-FFC7-47C5-B19A-7F008ACDCE84}" original="true"/>
      <assignment backup="true" contextid="Button7" shiftstate="2" macroguid="{16255AE8-6D60-4809-BD67-B2F8BFEB6C39}" original="false"/>
      <assignment backup="true" contextid="Button5" shiftstate="3" macroguid="{0DD6FE2F-5327-468B-97F6-B0628398CAA7}" original="false"/>
      <assignment backup="true" contextid="Button7" shiftstate="3" macroguid="{2270FB11-16FE-4CCB-BB57-C1B4926C361F}" original="false"/>
      <assignment backup="true" contextid="Button4" shiftstate="2" macroguid="{79C581E4-3A90-4C5D-AEF9-0C770A7B66FD}" original="false"/>
      <assignment backup="true" contextid="Button4" shiftstate="3" macroguid="{79C581E4-3A90-4C5D-AEF9-0C770A7B66FD}" original="false"/>
      <assignment backup="true" contextid="Button4" shiftstate="4" macroguid="{79C581E4-3A90-4C5D-AEF9-0C770A7B66FD}" original="false"/>
      <assignment backup="true" contextid="Button4" shiftstate="5" macroguid="{79C581E4-3A90-4C5D-AEF9-0C770A7B66FD}" original="false"/>
      <assignment backup="true" contextid="Button4" shiftstate="6" macroguid="{79C581E4-3A90-4C5D-AEF9-0C770A7B66FD}" original="false"/>
      <assignment backup="true" contextid="Button4" shiftstate="1" macroguid="{79C581E4-3A90-4C5D-AEF9-0C770A7B66FD}" original="false"/>
      <assignment backup="false" contextid="Button5" shiftstate="1" macroguid="{0DD6FE2F-5327-468B-97F6-B0628398CAA7}" original="false"/>
      <assignment backup="false" contextid="Button4" shiftstate="2" macroguid="{DAF447C1-CD83-4008-AF9F-DFAFD85C04FE}" original="false"/>
      <assignment backup="false" contextid="Button5" shiftstate="2" macroguid="{757DD202-3274-4F10-A32D-79E1C5F589C3}" original="false"/>
      <assignment backup="false" contextid="Button3" shiftstate="2" macroguid="{0D940325-4EA3-499A-9C2A-9CDD1FA402EC}" original="false"/>
      <assignment backup="false" contextid="Button7" shiftstate="3" macroguid="{0CBB3F3A-0A77-4BC6-964E-0987D32A2A50}" original="false"/>
      <assignment backup="false" contextid="Button6" shiftstate="3" macroguid="{7617EA5A-184D-4CCF-9BC3-F537A706F829}" original="false"/>
      <assignment backup="true" contextid="Button3" shiftstate="1" macroguid="{7617EA5A-184D-4CCF-9BC3-F537A706F829}" original="false"/>
      <assignment backup="false" contextid="Button3" shiftstate="1" macroguid="{D85C3028-FABF-4F9D-83DA-B54226A35972}" original="false"/>
      <assignment backup="false" contextid="Button3" shiftstate="3" macroguid="{A6ECF09F-18FD-4728-97E5-2A943621A3FD}" original="false"/>
      <assignment backup="false" contextid="Button4" shiftstate="3" macroguid="{79C581E4-3A90-4C5D-AEF9-0C770A7B66FD}" original="false"/>
      <assignment backup="false" contextid="Button4" shiftstate="1" macroguid="{104AE5DF-B68A-4D9B-8892-3068729E9D48}" original="false"/>
      <assignment backup="false" contextid="Button9" shiftstate="2" macroguid="{6ED1962A-984D-442E-B3C0-7FD8C67A2A41}" original="false"/>
      <assignment backup="false" contextid="Button9" shiftstate="1" macroguid="{AE6D228F-B0E8-47E3-97E2-8CC4212A4C0C}" original="false"/>
      <assignment backup="true" contextid="Button1" shiftstate="1" macroguid="{E65DA379-AF6F-491B-9455-9605AC8EE851}" original="false"/>
      <assignment backup="true" contextid="Button1" shiftstate="2" macroguid="{E65DA379-AF6F-491B-9455-9605AC8EE851}" original="false"/>
      <assignment backup="true" contextid="Button1" shiftstate="3" macroguid="{E65DA379-AF6F-491B-9455-9605AC8EE851}" original="false"/>
      <assignment backup="true" contextid="Button1" shiftstate="4" macroguid="{E65DA379-AF6F-491B-9455-9605AC8EE851}" original="false"/>
      <assignment backup="true" contextid="Button1" shiftstate="5" macroguid="{E65DA379-AF6F-491B-9455-9605AC8EE851}" original="false"/>
      <assignment backup="true" contextid="Button1" shiftstate="6" macroguid="{E65DA379-AF6F-491B-9455-9605AC8EE851}" original="false"/>
      <assignment backup="false" contextid="Button9" shiftstate="3" macroguid="{BBDD0687-C24D-4CC9-AEEA-D66C93781878}" original="false"/>
      <assignment backup="false" contextid="Button5" shiftstate="3" macroguid="{2FB80702-F94C-4688-9CE8-90095593C094}" original="false"/>
    </assignments>
    <pointers>
      <pointer devicemodel="Logitech.Gaming.Mouse.G300s">
        <mode shiftstate="1">
          <reportrate rate="500"/>
          <powermode value="2"/>
          <dpitable defaultindex="1" shiftindex="0" syncxy="1">
            <dpi enabled="1" x="500" y="500"/>
            <dpi enabled="1" x="1000" y="1000"/>
            <dpi enabled="1" x="1500" y="1500"/>
            <dpi enabled="1" x="2500" y="2500"/>
          </dpitable>
          <movement acceleration="1" speed="-1"/>
        </mode>
        <mode shiftstate="2">
          <reportrate rate="500"/>
          <powermode value="2"/>
          <dpitable defaultindex="1" shiftindex="0" syncxy="1">
            <dpi enabled="1" x="500" y="500"/>
            <dpi enabled="1" x="1000" y="1000"/>
            <dpi enabled="1" x="1500" y="1500"/>
            <dpi enabled="1" x="2500" y="2500"/>
          </dpitable>
          <movement acceleration="1" speed="-1"/>
        </mode>
        <mode shiftstate="3">
          <reportrate rate="1000"/>
          <powermode value="2"/>
          <dpitable defaultindex="0" shiftindex="0" syncxy="1">
            <dpi enabled="1" x="1250" y="1250"/>
            <dpi enabled="0" x="1000" y="1000"/>
            <dpi enabled="0" x="1500" y="1500"/>
            <dpi enabled="0" x="2450" y="2450"/>
            <dpi enabled="0" x="2500" y="2500"/>
          </dpitable>
          <movement acceleration="1" speed="-1"/>
        </mode>
      </pointer>
    </pointers>
    <backlight devicemodel="Logitech.Gaming.Mouse.G300s">
      <mode shiftstate="1" color="#00ffff"/>
      <mode shiftstate="2" color="#ff0000"/>
      <mode shiftstate="3" color="#ffff00"/>
    </backlight>
    <script>function OnEvent(event, arg)
    OutputLogMessage("event = %s, arg = %s\n", event, arg)
end</script>
  </profile>
</profiles>
